{
  "name": "ResULIC",
  "results": {
    "psnr": [
      18.48325403386465,
      20.239208650909504,        
      23.112706124841004,
      25.277990973588572,
      26.34495157372106
    ],
    "ms-ssim": [
      0.54713275259204,
      0.6580978794911198,
      0.8146289728373011,
      0.8861540163231787,
      0.9125210190209273
    ],
    "lpips": [
      0.41751447319984436,
      0.3314100368022918,
      0.1915637274980545,
      0.11354212223821989,
      0.08917399260972704
    ],
    "dists": [
      0.22398649156093597,
      0.191808819770813,
      0.11899908632040024,
      0.06845421135425568,
      0.05058650091290474
    ],
    "fid": [
      27.06523204937721,
      21.486722370831558,
      13.252977369828102,
      8.002148832514422,
      6.314174124924357
    ],
    "kid": [
      0.00511020929929928,
      0.004000730235235195,
      0.001284293490990954,
      0.0005891501251250953,
      0.00042152379629628367
    ],
    "bpp": [
      0.0026810151889440545,
      0.0054812802703952486,
      0.023001066308897985,
      0.06326331892320545,
      0.12266443872501291
      
    ]
  }
}

