{
    "name": "ResULIC",
    "results": {
      "psnr": [
        17.21738852357198,
        19.10076098388228,
        21.893139744761275,
        23.97236444909564,
        25.68236444909564
      ],
      "ms-ssim": [
        0.5077549850742022,
        0.6321243610829115,
        0.795509555319945,
        0.8752145768801372,
        0.9144977209568024
      ],
      "lpips": [
        0.436796715259552,
        0.34205154252052307,
        0.20441350877285004,
        0.12088147950172424,
        0.08839097142219543
      ],
      "dists": [
        0.216889888048172,
        0.1851484775543213,
        0.1279046732187271,
        0.07473481982946396,
        0.06032157212495804
      ],
      "fid": [
        10.83555237915267,
        8.371740608554319,
        5.2931865389103905,
        3.66530597060364,
        2.912103074264319
      ],
      "kid": [
        0.002325615870870852,
        0.001600319559559562,
        0.001022847827827813,
        0.0007620692342342439,
        0.000417210065065047
      ],
      "bpp": [
        0.004044708251953125,
        0.007589461288372925,
        0.022340327467873824,
        0.06326331892320545,
        0.13859598795572916
        
      ]
    }
  }

