{
    "name": "ResULIC",
    "results": {
      "psnr": [
        16.397264154715998,
        17.96875559323351,
        20.545494862031774,
        22.481920768136135,
        23.638223464818374
      ],
      "ms-ssim": [
        0.4208085222542286,
        0.5463726663589478,
        0.7505268234014512,
        0.848325161933899,
        0.8825238513946533
      ],
      "lpips": [
        0.43680310249328613,
        0.37269309163093567,
        0.2172259882837534,
        0.13902591100335122,
        0.10929331663995982
      ],
      "dists": [
        0.2403487265110016,
        0.20547634363174438,
        0.13167811250686646,
        0.08855615216493607,
        0.06090160250663757
      ],
      "fid": [
        70.73517824197552,
        61.38495631079269,
        40.539222907712315,
        27.879448949745665,
        19
      ],
      "kid": [
        0.0044351381256256244,
        0.004088966488988981,
        0.0014470565990991045,
        0.00091927489614614339,
        0.0004624257082081806
      ],
      "bpp": [
        0.002674831814236111,
        0.005927327473958334,
        0.030787896050347215,
        0.07027791341145835,
        0.13147189670138892
      ]
    }
  }
