{
  "name": "ResULIC",
  "results": {
    "psnr": [
      17.724906484268243,
      19.51158447883595,        
      22.018317958984613,
      23.841188176943525,
      24.74690661932061
    ],
    "ms-ssim": [
      0.4301139282981555,
      0.5509586327075958,
      0.7517792697548866,
      0.842345580458641,
      0.8762964755296707
    ],
    "lpips": [
      0.46465076088905334,
      0.37502211359143257,
      0.21960805726548037,
      0.14904182469844818,
      0.107175561375916
    ],
    "dists": [
      0.22710983991622925,
      0.18684643232822418,
      0.10617667424678802,
      0.07645421135425568,
      0.061122907102108
    ],
    "bpp": [
      0.0028618706597222225,
      0.006198459201388887,
      0.03076171875,
      0.06763373480902778,
      0.12943522135416666
      
    ]
  }
}


