{
  "name": "ResULIC",
  "results": {
    "psnr": [
      17.394881451644847,
      19.09124583167374,
      21.819311682165347,
      24.39362888996963,
      25.460264094978747
    ],
    "ms-ssim": [
      0.5400600101649761,
      0.6460609703063965,
      0.7909371266961097,
      0.8816705600023269,
      0.9092284804582595
    ],
    "lpips": [
      0.36921295322477817,
      0.30851138088107107,
      0.17976141911372543,
      0.11068071871250868,
      0.08117051959037781
    ],
    "dists": [
      0.21212151098251343,
      0.19854885268211365,
      0.1189787380695343,
      0.07818554002046585,
      0.05313078105449677
    ],
    "fid": [
      61.99594018511323,
      54.26393548621968,
      35.122959304629635,
      24.212604892381762,
      16.741899270363433
    ],
    "kid": [
      0.002454392660160153,
      0.0025075884934934543,
      0.001656719334334312,
      0.0008941152927928055,
      0.00032712971721723834
    ],
    "bpp": [
      0.0031280381944444437,
      0.006126627604166668,
      0.028633355034722228,
      0.06614366319444447,
      0.12686794704861112
    ]
  }
}

