{
    "name": "ResULIC",
    "results": {
      "psnr": [
        18.5683334788575,
        18.768474193868787,
        20.239208650909504,        
        23.064464256830203,
        25.277990973588572,
        26.34495157372106
      ],
      "ms-ssim": [
        0.5500451406098414,
        0.5676022899972502,
        0.6581469226941884,
        0.809776701102747,
        0.8869075787680172,
        0.9125210190209273
      ],
      "lpips": [
        0.4462884644690518,
        0.4221464683101556,
        0.3491198445940129,
        0.20169479786374858,
        0.11380643044467841,
        0.09417399260972704
      ],
      "dists": [
        0.2350519895553589,
        0.22784322500228882,
        0.19615034759044647,
        0.12578420341014862,
        0.07845421135425568,
        0.06058650091290474
      ],
      "fid": [
        29.084863057106645,
        28.26452595226299,
        23.346088344252337,
        14.252977369828102,
        8.002148832514422,
        6.634174124924357
      ],
      "kid": [
        0.005338520145145123,
        0.004938520145145123,
        0.004195040017517515,
        0.001884293490990954,
        0.0005891501251250953,
        0.00042152379629628367
      ],
      "bpp": [
        0.002809423523899922,
        0.0030644655475240137,
        0.0054812802703952486,
        0.022340327467873824,
        0.06326331892320545,
        0.12266443872501291
        
      ]
    }
  }

  
