{
    "name": "ResULIC",
    "results": {
      "psnr": [
        17.156605339485587,
        19.079752342747263,
        21.993139744761275,
        23.98236444909564,
        25.68236444909564
      ],
      "ms-ssim": [
        0.5020071395337582,
        0.6300868257631859,
        0.795509555319945,
        0.8752145768801372,
        0.9144977209568024
      ],
      "lpips": [
        0.46267826535304385,
        0.37048157792041697,
        0.21363414033253988,
        0.12388147950172424,
        0.08839097142219543
      ],
      "dists": [
        0.22282303869724274,
        0.19018131494522095,
        0.12878420341014862,
        0.07845421135425568,
        0.06032157212495804
      ],
      "fid": [
        11.53555237915267,
        8.971740608554319,
        5.9931865389103905,
        4.06530597060364,
        2.912103074264319
      ],
      "kid": [
        0.0026649211686686413,
        0.0017367841966966769,
        0.000922847827827813,
        0.0007420692342342439,
        0.000417210065065047
      ],
      "bpp": [
        0.004044708251953125,
        0.007435414632161458,
        0.022340327467873824,
        0.06326331892320545,
        0.13859598795572916
        
      ]
    }
  }

