{
    "name": "ResULIC",
    "results": {
      "psnr": [
        16.36804550059098,
        17.960784116185327,
        20.391855535519728,
        22.58573178042603,
        23.638223464818374
      ],
      "ms-ssim": [
        0.4169334472715855,
        0.545005295574665,
        0.7444862136244774,
        0.8481718152761459,
        0.8825238513946533
      ],
      "lpips": [
        0.4524774020910263,
        0.38544608995318413,
        0.2272259882837534,
        0.14302591100335122,
        0.10929331663995982
      ],
      "dists": [
        0.2452274113893509,
        0.21240085363388062,
        0.13567811250686646,
        0.09055615216493607,
        0.06090160250663757
      ],
      "fid": [
        73.87713122767485,
        63.272109833313266,
        41.94361775851701,
        28.41615103779833,
        19
      ],
      "kid": [
        0.005444833273273248,
        0.004535249572072067,
        0.002447408961461437,
        0.00091925230605605642,
        0.0004624257082081806
      ],
      "bpp": [
        0.002674831814236111,
        0.005927327473958334,
        0.030787896050347215,
        0.07027791341145835,
        0.13147189670138892
      ]
    }
  }
