{
    "name": "ResULIC",
    "results": {
      "psnr": [
        17.754906484268243,
        19.56158447883595,        
        22.058317958984613,
        23.861188176943525,
        24.76690661932061
      ],
      "ms-ssim": [
        0.4371139282981555,
        0.5579586327075958,
        0.7537792697548866,
        0.842345580458641,
        0.8762964755296707
      ],
      "lpips": [
        0.48465076088905334,
        0.38802211359143257,
        0.22460805726548037,
        0.15304182469844818,
        0.107175561375916
      ],
      "dists": [
        0.23710983991622925,
        0.19284643232822418,
        0.11017667424678802,
        0.07845421135425568,
        0.061122907102108
      ],
      "bpp": [
        0.0028618706597222225,
        0.006198459201388887,
        0.03076171875,
        0.06763373480902778,
        0.12943522135416666
        
      ]
    }
  }

  
