{
    "name": "ResULIC",
    "results": {
      "psnr": [
        17.404881451644847,
        19.10124583167374,
        21.829311682165347,
        24.38362888996963,
        25.460264094978747
      ],
      "ms-ssim": [
        0.5390600101649761,
        0.6480609703063965,
        0.8039371266961097,
        0.8856705600023269,
        0.9092284804582595
      ],
      "lpips": [
        0.38921295322477817,
        0.32551138088107107,
        0.18876141911372543,
        0.10768071871250868,
        0.08117051959037781
      ],
      "dists": [
        0.22412151098251343,
        0.20554885268211365,
        0.1259787380695343,
        0.08018554002046585,
        0.05313078105449677
      ],
      "fid": [
        64.99594018511323,
        57.26393548621968,
        37.122959304629635,
        25.212604892381762,
        16.741899270363433
      ],
      "kid": [
        0.003454392660160153,
        0.0035075884934934543,
        0.002256719334334312,
        0.0009941152927928055,
        0.00032712971721723834
      ],
      "bpp": [
        0.0031280381944444437,
        0.006126627604166668,
        0.028633355034722228,
        0.06614366319444447,
        0.12686794704861112
        
      ]
    }
  }
  
  